{"inputUnits":[34],"outputUnits":5,"inputs":{"0":{"dtype":"number","min":236.49364990946847,"max":438.6090278625488},"1":{"dtype":"number","min":53.392124992400284,"max":250.99306692872995},"2":{"dtype":"number","min":246.3165930365774,"max":439.11602265176145},"3":{"dtype":"number","min":46.7812112889865,"max":249.94614775542618},"4":{"dtype":"number","min":229.33836465679718,"max":434.9169841721828},"5":{"dtype":"number","min":46.05131334831742,"max":250.3369864972185},"6":{"dtype":"number","min":259.14377769143664,"max":424.86866279334873},"7":{"dtype":"number","min":51.07058988934824,"max":239.92036812036417},"8":{"dtype":"number","min":220.66882419215102,"max":434.9053815552233},"9":{"dtype":"number","min":52.41378249825206,"max":238.80473313628465},"10":{"dtype":"number","min":287.87214108478236,"max":397.1373723545891},"11":{"dtype":"number","min":99.88450937234009,"max":248.1180961401082},"12":{"dtype":"number","min":209.69123335663912,"max":399.1697834623463},"13":{"dtype":"number","min":101.15013389735833,"max":241.76523676178334},"14":{"dtype":"number","min":278.30348649377487,"max":395.12643539488084},"15":{"dtype":"number","min":48.82932432894577,"max":317.69516725948347},"16":{"dtype":"number","min":192.37418505004408,"max":392.53373082973616},"17":{"dtype":"number","min":41.393627359709384,"max":326.64945372347705},"18":{"dtype":"number","min":262.2292829580344,"max":399.06906766186427},"19":{"dtype":"number","min":20.06606402564141,"max":395.5598684229276},"20":{"dtype":"number","min":166.51701040305053,"max":413.44174158712303},"21":{"dtype":"number","min":20.665948177589982,"max":398.44093933179687},"22":{"dtype":"number","min":277.36013197249474,"max":331.46000368585845},"23":{"dtype":"number","min":230.83932780106244,"max":334.7053890005624},"24":{"dtype":"number","min":229.1232620417376,"max":324.4788203257995},"25":{"dtype":"number","min":225.94652109109012,"max":340.70063965793713},"26":{"dtype":"number","min":279.79719629547475,"max":371.32232547270183},"27":{"dtype":"number","min":262.5279847378861,"max":407.89836067170023},"28":{"dtype":"number","min":176.2818047786965,"max":371.4461270937196},"29":{"dtype":"number","min":264.57915784783864,"max":408.82643643984073},"30":{"dtype":"number","min":260.7986070209904,"max":377.65710734207806},"31":{"dtype":"number","min":303.6051519371656,"max":473.9440733913318},"32":{"dtype":"number","min":185.1283044481092,"max":367.23877190615883},"33":{"dtype":"number","min":289.9833708885579,"max":476.78186980666817}},"outputs":{"0":{"dtype":"string","min":0,"max":1,"uniqueValues":["a","b","c","d","e"],"legend":{"a":[1,0,0,0,0],"b":[0,1,0,0,0],"c":[0,0,1,0,0],"d":[0,0,0,1,0],"e":[0,0,0,0,1]}}},"isNormalized":true}